https://bts.adelielinux.org/show_bug.cgi?id=15,https://git.adelielinux.org/adelie/packages/-/issues/15
https://bts.adelielinux.org/show_bug.cgi?id=19,https://git.adelielinux.org/adelie/packages/-/issues/19
https://bts.adelielinux.org/show_bug.cgi?id=22,https://git.adelielinux.org/adelie/packages/-/issues/22
https://bts.adelielinux.org/show_bug.cgi?id=23,https://git.adelielinux.org/adelie/packages/-/issues/23
https://bts.adelielinux.org/show_bug.cgi?id=26,https://git.adelielinux.org/adelie/packages/-/issues/26
https://bts.adelielinux.org/show_bug.cgi?id=27,https://git.adelielinux.org/adelie/packages/-/issues/27
https://bts.adelielinux.org/show_bug.cgi?id=28,https://git.adelielinux.org/adelie/packages/-/issues/28
https://bts.adelielinux.org/show_bug.cgi?id=30,https://git.adelielinux.org/adelie/packages/-/issues/30
https://bts.adelielinux.org/show_bug.cgi?id=31,https://git.adelielinux.org/adelie/packages/-/issues/31
https://bts.adelielinux.org/show_bug.cgi?id=33,https://git.adelielinux.org/adelie/packages/-/issues/33
https://bts.adelielinux.org/show_bug.cgi?id=34,https://git.adelielinux.org/adelie/packages/-/issues/34
https://bts.adelielinux.org/show_bug.cgi?id=36,https://git.adelielinux.org/adelie/packages/-/issues/36
https://bts.adelielinux.org/show_bug.cgi?id=39,https://git.adelielinux.org/adelie/packages/-/issues/39
https://bts.adelielinux.org/show_bug.cgi?id=41,https://git.adelielinux.org/adelie/packages/-/issues/41
https://bts.adelielinux.org/show_bug.cgi?id=50,https://git.adelielinux.org/adelie/packages/-/issues/50
https://bts.adelielinux.org/show_bug.cgi?id=52,https://git.adelielinux.org/adelie/packages/-/issues/52
https://bts.adelielinux.org/show_bug.cgi?id=53,https://git.adelielinux.org/adelie/packages/-/issues/53
https://bts.adelielinux.org/show_bug.cgi?id=57,https://git.adelielinux.org/adelie/packages/-/issues/57
https://bts.adelielinux.org/show_bug.cgi?id=58,https://git.adelielinux.org/adelie/packages/-/issues/58
https://bts.adelielinux.org/show_bug.cgi?id=59,https://git.adelielinux.org/adelie/packages/-/issues/59
https://bts.adelielinux.org/show_bug.cgi?id=62,https://git.adelielinux.org/adelie/packages/-/issues/62
https://bts.adelielinux.org/show_bug.cgi?id=63,https://git.adelielinux.org/adelie/packages/-/issues/63
https://bts.adelielinux.org/show_bug.cgi?id=64,https://git.adelielinux.org/adelie/packages/-/issues/64
https://bts.adelielinux.org/show_bug.cgi?id=65,https://git.adelielinux.org/adelie/packages/-/issues/65
https://bts.adelielinux.org/show_bug.cgi?id=67,https://git.adelielinux.org/adelie/packages/-/issues/67
https://bts.adelielinux.org/show_bug.cgi?id=68,https://git.adelielinux.org/adelie/packages/-/issues/68
https://bts.adelielinux.org/show_bug.cgi?id=69,https://git.adelielinux.org/adelie/packages/-/issues/69
https://bts.adelielinux.org/show_bug.cgi?id=71,https://git.adelielinux.org/adelie/packages/-/issues/71
https://bts.adelielinux.org/show_bug.cgi?id=72,https://git.adelielinux.org/adelie/packages/-/issues/72
https://bts.adelielinux.org/show_bug.cgi?id=76,https://git.adelielinux.org/adelie/packages/-/issues/76
https://bts.adelielinux.org/show_bug.cgi?id=77,https://git.adelielinux.org/adelie/packages/-/issues/77
https://bts.adelielinux.org/show_bug.cgi?id=78,https://git.adelielinux.org/adelie/packages/-/issues/78
https://bts.adelielinux.org/show_bug.cgi?id=80,https://git.adelielinux.org/adelie/packages/-/issues/80
https://bts.adelielinux.org/show_bug.cgi?id=87,https://git.adelielinux.org/adelie/packages/-/issues/87
https://bts.adelielinux.org/show_bug.cgi?id=88,https://git.adelielinux.org/adelie/packages/-/issues/88
https://bts.adelielinux.org/show_bug.cgi?id=89,https://git.adelielinux.org/adelie/packages/-/issues/89
https://bts.adelielinux.org/show_bug.cgi?id=90,https://git.adelielinux.org/adelie/packages/-/issues/90
https://bts.adelielinux.org/show_bug.cgi?id=91,https://git.adelielinux.org/adelie/packages/-/issues/91
https://bts.adelielinux.org/show_bug.cgi?id=92,https://git.adelielinux.org/adelie/packages/-/issues/92
https://bts.adelielinux.org/show_bug.cgi?id=93,https://git.adelielinux.org/adelie/packages/-/issues/93
https://bts.adelielinux.org/show_bug.cgi?id=95,https://git.adelielinux.org/adelie/packages/-/issues/95
https://bts.adelielinux.org/show_bug.cgi?id=97,https://git.adelielinux.org/adelie/packages/-/issues/97
https://bts.adelielinux.org/show_bug.cgi?id=98,https://git.adelielinux.org/adelie/packages/-/issues/98
https://bts.adelielinux.org/show_bug.cgi?id=99,https://git.adelielinux.org/adelie/packages/-/issues/99
https://bts.adelielinux.org/show_bug.cgi?id=105,https://git.adelielinux.org/adelie/packages/-/issues/105
https://bts.adelielinux.org/show_bug.cgi?id=106,https://git.adelielinux.org/adelie/packages/-/issues/106
https://bts.adelielinux.org/show_bug.cgi?id=107,https://git.adelielinux.org/adelie/packages/-/issues/107
https://bts.adelielinux.org/show_bug.cgi?id=108,https://git.adelielinux.org/adelie/packages/-/issues/108
https://bts.adelielinux.org/show_bug.cgi?id=109,https://git.adelielinux.org/adelie/packages/-/issues/109
https://bts.adelielinux.org/show_bug.cgi?id=110,https://git.adelielinux.org/adelie/packages/-/issues/110
https://bts.adelielinux.org/show_bug.cgi?id=111,https://git.adelielinux.org/adelie/packages/-/issues/111
https://bts.adelielinux.org/show_bug.cgi?id=112,https://git.adelielinux.org/adelie/packages/-/issues/112
https://bts.adelielinux.org/show_bug.cgi?id=113,https://git.adelielinux.org/adelie/packages/-/issues/113
https://bts.adelielinux.org/show_bug.cgi?id=114,https://git.adelielinux.org/adelie/packages/-/issues/114
https://bts.adelielinux.org/show_bug.cgi?id=116,https://git.adelielinux.org/adelie/packages/-/issues/116
https://bts.adelielinux.org/show_bug.cgi?id=118,https://git.adelielinux.org/adelie/packages/-/issues/118
https://bts.adelielinux.org/show_bug.cgi?id=119,https://git.adelielinux.org/adelie/packages/-/issues/119
https://bts.adelielinux.org/show_bug.cgi?id=121,https://git.adelielinux.org/adelie/packages/-/issues/121
https://bts.adelielinux.org/show_bug.cgi?id=122,https://git.adelielinux.org/adelie/packages/-/issues/122
https://bts.adelielinux.org/show_bug.cgi?id=123,https://git.adelielinux.org/adelie/packages/-/issues/123
https://bts.adelielinux.org/show_bug.cgi?id=124,https://git.adelielinux.org/adelie/packages/-/issues/124
https://bts.adelielinux.org/show_bug.cgi?id=125,https://git.adelielinux.org/adelie/packages/-/issues/125
https://bts.adelielinux.org/show_bug.cgi?id=126,https://git.adelielinux.org/adelie/packages/-/issues/126
https://bts.adelielinux.org/show_bug.cgi?id=127,https://git.adelielinux.org/adelie/packages/-/issues/127
https://bts.adelielinux.org/show_bug.cgi?id=128,https://git.adelielinux.org/adelie/packages/-/issues/128
https://bts.adelielinux.org/show_bug.cgi?id=129,https://git.adelielinux.org/adelie/packages/-/issues/129
https://bts.adelielinux.org/show_bug.cgi?id=130,https://git.adelielinux.org/adelie/packages/-/issues/130
https://bts.adelielinux.org/show_bug.cgi?id=131,https://git.adelielinux.org/adelie/packages/-/issues/131
https://bts.adelielinux.org/show_bug.cgi?id=133,https://git.adelielinux.org/adelie/packages/-/issues/133
https://bts.adelielinux.org/show_bug.cgi?id=134,https://git.adelielinux.org/adelie/packages/-/issues/134
https://bts.adelielinux.org/show_bug.cgi?id=135,https://git.adelielinux.org/adelie/packages/-/issues/135
https://bts.adelielinux.org/show_bug.cgi?id=136,https://git.adelielinux.org/adelie/packages/-/issues/136
https://bts.adelielinux.org/show_bug.cgi?id=137,https://git.adelielinux.org/adelie/packages/-/issues/137
https://bts.adelielinux.org/show_bug.cgi?id=138,https://git.adelielinux.org/adelie/packages/-/issues/138
https://bts.adelielinux.org/show_bug.cgi?id=139,https://git.adelielinux.org/adelie/packages/-/issues/139
https://bts.adelielinux.org/show_bug.cgi?id=140,https://git.adelielinux.org/adelie/packages/-/issues/140
https://bts.adelielinux.org/show_bug.cgi?id=141,https://git.adelielinux.org/adelie/packages/-/issues/141
https://bts.adelielinux.org/show_bug.cgi?id=142,https://git.adelielinux.org/adelie/packages/-/issues/142
https://bts.adelielinux.org/show_bug.cgi?id=143,https://git.adelielinux.org/adelie/packages/-/issues/143
https://bts.adelielinux.org/show_bug.cgi?id=144,https://git.adelielinux.org/adelie/packages/-/issues/144
https://bts.adelielinux.org/show_bug.cgi?id=145,https://git.adelielinux.org/adelie/packages/-/issues/145
https://bts.adelielinux.org/show_bug.cgi?id=146,https://git.adelielinux.org/adelie/packages/-/issues/146
https://bts.adelielinux.org/show_bug.cgi?id=147,https://git.adelielinux.org/adelie/packages/-/issues/147
https://bts.adelielinux.org/show_bug.cgi?id=148,https://git.adelielinux.org/adelie/packages/-/issues/148
https://bts.adelielinux.org/show_bug.cgi?id=149,https://git.adelielinux.org/adelie/packages/-/issues/149
https://bts.adelielinux.org/show_bug.cgi?id=150,https://git.adelielinux.org/adelie/packages/-/issues/150
https://bts.adelielinux.org/show_bug.cgi?id=151,https://git.adelielinux.org/adelie/packages/-/issues/151
https://bts.adelielinux.org/show_bug.cgi?id=152,https://git.adelielinux.org/adelie/packages/-/issues/152
https://bts.adelielinux.org/show_bug.cgi?id=153,https://git.adelielinux.org/adelie/packages/-/issues/153
https://bts.adelielinux.org/show_bug.cgi?id=154,https://git.adelielinux.org/adelie/packages/-/issues/154
https://bts.adelielinux.org/show_bug.cgi?id=155,https://git.adelielinux.org/adelie/packages/-/issues/155
https://bts.adelielinux.org/show_bug.cgi?id=156,https://git.adelielinux.org/adelie/packages/-/issues/156
https://bts.adelielinux.org/show_bug.cgi?id=157,https://git.adelielinux.org/adelie/packages/-/issues/157
https://bts.adelielinux.org/show_bug.cgi?id=158,https://git.adelielinux.org/adelie/packages/-/issues/158
https://bts.adelielinux.org/show_bug.cgi?id=159,https://git.adelielinux.org/adelie/packages/-/issues/159
https://bts.adelielinux.org/show_bug.cgi?id=160,https://git.adelielinux.org/adelie/packages/-/issues/160
https://bts.adelielinux.org/show_bug.cgi?id=161,https://git.adelielinux.org/adelie/packages/-/issues/161
https://bts.adelielinux.org/show_bug.cgi?id=162,https://git.adelielinux.org/adelie/packages/-/issues/162
https://bts.adelielinux.org/show_bug.cgi?id=163,https://git.adelielinux.org/adelie/packages/-/issues/163
https://bts.adelielinux.org/show_bug.cgi?id=164,https://git.adelielinux.org/adelie/packages/-/issues/164
https://bts.adelielinux.org/show_bug.cgi?id=165,https://git.adelielinux.org/adelie/packages/-/issues/165
https://bts.adelielinux.org/show_bug.cgi?id=166,https://git.adelielinux.org/adelie/packages/-/issues/166
https://bts.adelielinux.org/show_bug.cgi?id=167,https://git.adelielinux.org/adelie/packages/-/issues/167
https://bts.adelielinux.org/show_bug.cgi?id=168,https://git.adelielinux.org/adelie/packages/-/issues/168
https://bts.adelielinux.org/show_bug.cgi?id=169,https://git.adelielinux.org/adelie/packages/-/issues/169
https://bts.adelielinux.org/show_bug.cgi?id=170,https://git.adelielinux.org/adelie/packages/-/issues/170
https://bts.adelielinux.org/show_bug.cgi?id=171,https://git.adelielinux.org/adelie/packages/-/issues/171
https://bts.adelielinux.org/show_bug.cgi?id=172,https://git.adelielinux.org/adelie/packages/-/issues/172
https://bts.adelielinux.org/show_bug.cgi?id=173,https://git.adelielinux.org/adelie/packages/-/issues/173
https://bts.adelielinux.org/show_bug.cgi?id=174,https://git.adelielinux.org/adelie/packages/-/issues/174
https://bts.adelielinux.org/show_bug.cgi?id=175,https://git.adelielinux.org/adelie/packages/-/issues/175
https://bts.adelielinux.org/show_bug.cgi?id=176,https://git.adelielinux.org/adelie/packages/-/issues/176
https://bts.adelielinux.org/show_bug.cgi?id=177,https://git.adelielinux.org/adelie/packages/-/issues/177
https://bts.adelielinux.org/show_bug.cgi?id=178,https://git.adelielinux.org/adelie/packages/-/issues/178
https://bts.adelielinux.org/show_bug.cgi?id=180,https://git.adelielinux.org/adelie/packages/-/issues/180
https://bts.adelielinux.org/show_bug.cgi?id=181,https://git.adelielinux.org/adelie/packages/-/issues/181
https://bts.adelielinux.org/show_bug.cgi?id=182,https://git.adelielinux.org/adelie/packages/-/issues/182
https://bts.adelielinux.org/show_bug.cgi?id=183,https://git.adelielinux.org/adelie/packages/-/issues/183
https://bts.adelielinux.org/show_bug.cgi?id=184,https://git.adelielinux.org/adelie/packages/-/issues/184
https://bts.adelielinux.org/show_bug.cgi?id=185,https://git.adelielinux.org/adelie/packages/-/issues/185
https://bts.adelielinux.org/show_bug.cgi?id=186,https://git.adelielinux.org/adelie/packages/-/issues/186
https://bts.adelielinux.org/show_bug.cgi?id=187,https://git.adelielinux.org/adelie/packages/-/issues/187
https://bts.adelielinux.org/show_bug.cgi?id=189,https://git.adelielinux.org/adelie/packages/-/issues/189
https://bts.adelielinux.org/show_bug.cgi?id=190,https://git.adelielinux.org/adelie/packages/-/issues/190
https://bts.adelielinux.org/show_bug.cgi?id=191,https://git.adelielinux.org/adelie/packages/-/issues/191
https://bts.adelielinux.org/show_bug.cgi?id=192,https://git.adelielinux.org/adelie/packages/-/issues/192
https://bts.adelielinux.org/show_bug.cgi?id=193,https://git.adelielinux.org/adelie/packages/-/issues/193
https://bts.adelielinux.org/show_bug.cgi?id=194,https://git.adelielinux.org/adelie/packages/-/issues/194
https://bts.adelielinux.org/show_bug.cgi?id=195,https://git.adelielinux.org/adelie/packages/-/issues/195
https://bts.adelielinux.org/show_bug.cgi?id=196,https://git.adelielinux.org/adelie/packages/-/issues/196
https://bts.adelielinux.org/show_bug.cgi?id=197,https://git.adelielinux.org/adelie/packages/-/issues/197
https://bts.adelielinux.org/show_bug.cgi?id=198,https://git.adelielinux.org/adelie/packages/-/issues/198
https://bts.adelielinux.org/show_bug.cgi?id=199,https://git.adelielinux.org/adelie/packages/-/issues/199
https://bts.adelielinux.org/show_bug.cgi?id=200,https://git.adelielinux.org/adelie/packages/-/issues/200
https://bts.adelielinux.org/show_bug.cgi?id=201,https://git.adelielinux.org/adelie/packages/-/issues/201
https://bts.adelielinux.org/show_bug.cgi?id=202,https://git.adelielinux.org/adelie/packages/-/issues/202
https://bts.adelielinux.org/show_bug.cgi?id=203,https://git.adelielinux.org/adelie/packages/-/issues/203
https://bts.adelielinux.org/show_bug.cgi?id=204,https://git.adelielinux.org/adelie/packages/-/issues/204
https://bts.adelielinux.org/show_bug.cgi?id=205,https://git.adelielinux.org/adelie/packages/-/issues/205
https://bts.adelielinux.org/show_bug.cgi?id=208,https://git.adelielinux.org/adelie/packages/-/issues/208
https://bts.adelielinux.org/show_bug.cgi?id=209,https://git.adelielinux.org/adelie/packages/-/issues/209
https://bts.adelielinux.org/show_bug.cgi?id=211,https://git.adelielinux.org/adelie/packages/-/issues/211
https://bts.adelielinux.org/show_bug.cgi?id=212,https://git.adelielinux.org/adelie/packages/-/issues/212
https://bts.adelielinux.org/show_bug.cgi?id=213,https://git.adelielinux.org/adelie/packages/-/issues/213
https://bts.adelielinux.org/show_bug.cgi?id=214,https://git.adelielinux.org/adelie/packages/-/issues/214
https://bts.adelielinux.org/show_bug.cgi?id=215,https://git.adelielinux.org/adelie/packages/-/issues/215
https://bts.adelielinux.org/show_bug.cgi?id=216,https://git.adelielinux.org/adelie/packages/-/issues/216
https://bts.adelielinux.org/show_bug.cgi?id=217,https://git.adelielinux.org/adelie/packages/-/issues/217
https://bts.adelielinux.org/show_bug.cgi?id=218,https://git.adelielinux.org/adelie/packages/-/issues/218
https://bts.adelielinux.org/show_bug.cgi?id=219,https://git.adelielinux.org/adelie/packages/-/issues/219
https://bts.adelielinux.org/show_bug.cgi?id=220,https://git.adelielinux.org/adelie/packages/-/issues/220
https://bts.adelielinux.org/show_bug.cgi?id=223,https://git.adelielinux.org/adelie/packages/-/issues/223
https://bts.adelielinux.org/show_bug.cgi?id=229,https://git.adelielinux.org/adelie/packages/-/issues/229
https://bts.adelielinux.org/show_bug.cgi?id=230,https://git.adelielinux.org/adelie/packages/-/issues/230
https://bts.adelielinux.org/show_bug.cgi?id=231,https://git.adelielinux.org/adelie/packages/-/issues/231
https://bts.adelielinux.org/show_bug.cgi?id=232,https://git.adelielinux.org/adelie/packages/-/issues/232
https://bts.adelielinux.org/show_bug.cgi?id=233,https://git.adelielinux.org/adelie/packages/-/issues/233
https://bts.adelielinux.org/show_bug.cgi?id=234,https://git.adelielinux.org/adelie/packages/-/issues/234
https://bts.adelielinux.org/show_bug.cgi?id=235,https://git.adelielinux.org/adelie/packages/-/issues/235
https://bts.adelielinux.org/show_bug.cgi?id=236,https://git.adelielinux.org/adelie/packages/-/issues/236
https://bts.adelielinux.org/show_bug.cgi?id=237,https://git.adelielinux.org/adelie/packages/-/issues/237
https://bts.adelielinux.org/show_bug.cgi?id=238,https://git.adelielinux.org/adelie/packages/-/issues/238
https://bts.adelielinux.org/show_bug.cgi?id=239,https://git.adelielinux.org/adelie/packages/-/issues/239
https://bts.adelielinux.org/show_bug.cgi?id=240,https://git.adelielinux.org/adelie/packages/-/issues/240
https://bts.adelielinux.org/show_bug.cgi?id=241,https://git.adelielinux.org/adelie/packages/-/issues/241
https://bts.adelielinux.org/show_bug.cgi?id=242,https://git.adelielinux.org/adelie/packages/-/issues/242
https://bts.adelielinux.org/show_bug.cgi?id=245,https://git.adelielinux.org/adelie/packages/-/issues/245
https://bts.adelielinux.org/show_bug.cgi?id=246,https://git.adelielinux.org/adelie/packages/-/issues/246
https://bts.adelielinux.org/show_bug.cgi?id=249,https://git.adelielinux.org/adelie/packages/-/issues/249
https://bts.adelielinux.org/show_bug.cgi?id=251,https://git.adelielinux.org/adelie/packages/-/issues/251
https://bts.adelielinux.org/show_bug.cgi?id=252,https://git.adelielinux.org/adelie/packages/-/issues/252
https://bts.adelielinux.org/show_bug.cgi?id=253,https://git.adelielinux.org/adelie/packages/-/issues/253
https://bts.adelielinux.org/show_bug.cgi?id=254,https://git.adelielinux.org/adelie/packages/-/issues/254
https://bts.adelielinux.org/show_bug.cgi?id=255,https://git.adelielinux.org/adelie/packages/-/issues/255
https://bts.adelielinux.org/show_bug.cgi?id=257,https://git.adelielinux.org/adelie/packages/-/issues/257
https://bts.adelielinux.org/show_bug.cgi?id=258,https://git.adelielinux.org/adelie/packages/-/issues/258
https://bts.adelielinux.org/show_bug.cgi?id=259,https://git.adelielinux.org/adelie/packages/-/issues/259
https://bts.adelielinux.org/show_bug.cgi?id=261,https://git.adelielinux.org/adelie/packages/-/issues/261
https://bts.adelielinux.org/show_bug.cgi?id=262,https://git.adelielinux.org/adelie/packages/-/issues/262
https://bts.adelielinux.org/show_bug.cgi?id=263,https://git.adelielinux.org/adelie/packages/-/issues/263
https://bts.adelielinux.org/show_bug.cgi?id=264,https://git.adelielinux.org/adelie/packages/-/issues/264
https://bts.adelielinux.org/show_bug.cgi?id=265,https://git.adelielinux.org/adelie/packages/-/issues/265
https://bts.adelielinux.org/show_bug.cgi?id=267,https://git.adelielinux.org/adelie/packages/-/issues/267
https://bts.adelielinux.org/show_bug.cgi?id=268,https://git.adelielinux.org/adelie/packages/-/issues/268
https://bts.adelielinux.org/show_bug.cgi?id=269,https://git.adelielinux.org/adelie/packages/-/issues/269
https://bts.adelielinux.org/show_bug.cgi?id=270,https://git.adelielinux.org/adelie/packages/-/issues/270
https://bts.adelielinux.org/show_bug.cgi?id=271,https://git.adelielinux.org/adelie/packages/-/issues/271
https://bts.adelielinux.org/show_bug.cgi?id=272,https://git.adelielinux.org/adelie/packages/-/issues/272
https://bts.adelielinux.org/show_bug.cgi?id=273,https://git.adelielinux.org/adelie/packages/-/issues/273
https://bts.adelielinux.org/show_bug.cgi?id=274,https://git.adelielinux.org/adelie/packages/-/issues/274
https://bts.adelielinux.org/show_bug.cgi?id=275,https://git.adelielinux.org/adelie/packages/-/issues/275
https://bts.adelielinux.org/show_bug.cgi?id=276,https://git.adelielinux.org/adelie/packages/-/issues/276
https://bts.adelielinux.org/show_bug.cgi?id=277,https://git.adelielinux.org/adelie/packages/-/issues/277
https://bts.adelielinux.org/show_bug.cgi?id=278,https://git.adelielinux.org/adelie/packages/-/issues/278
https://bts.adelielinux.org/show_bug.cgi?id=279,https://git.adelielinux.org/adelie/packages/-/issues/279
https://bts.adelielinux.org/show_bug.cgi?id=280,https://git.adelielinux.org/adelie/packages/-/issues/280
https://bts.adelielinux.org/show_bug.cgi?id=281,https://git.adelielinux.org/adelie/packages/-/issues/281
https://bts.adelielinux.org/show_bug.cgi?id=282,https://git.adelielinux.org/adelie/packages/-/issues/282
https://bts.adelielinux.org/show_bug.cgi?id=284,https://git.adelielinux.org/adelie/packages/-/issues/284
https://bts.adelielinux.org/show_bug.cgi?id=285,https://git.adelielinux.org/adelie/packages/-/issues/285
https://bts.adelielinux.org/show_bug.cgi?id=286,https://git.adelielinux.org/adelie/packages/-/issues/286
https://bts.adelielinux.org/show_bug.cgi?id=287,https://git.adelielinux.org/adelie/packages/-/issues/287
https://bts.adelielinux.org/show_bug.cgi?id=288,https://git.adelielinux.org/adelie/packages/-/issues/288
https://bts.adelielinux.org/show_bug.cgi?id=289,https://git.adelielinux.org/adelie/packages/-/issues/289
https://bts.adelielinux.org/show_bug.cgi?id=290,https://git.adelielinux.org/adelie/packages/-/issues/290
https://bts.adelielinux.org/show_bug.cgi?id=291,https://git.adelielinux.org/adelie/packages/-/issues/291
https://bts.adelielinux.org/show_bug.cgi?id=292,https://git.adelielinux.org/adelie/packages/-/issues/292
https://bts.adelielinux.org/show_bug.cgi?id=293,https://git.adelielinux.org/adelie/packages/-/issues/293
https://bts.adelielinux.org/show_bug.cgi?id=294,https://git.adelielinux.org/adelie/packages/-/issues/294
https://bts.adelielinux.org/show_bug.cgi?id=295,https://git.adelielinux.org/adelie/packages/-/issues/295
https://bts.adelielinux.org/show_bug.cgi?id=296,https://git.adelielinux.org/adelie/packages/-/issues/296
https://bts.adelielinux.org/show_bug.cgi?id=297,https://git.adelielinux.org/adelie/packages/-/issues/297
https://bts.adelielinux.org/show_bug.cgi?id=298,https://git.adelielinux.org/adelie/packages/-/issues/298
https://bts.adelielinux.org/show_bug.cgi?id=299,https://git.adelielinux.org/adelie/packages/-/issues/299
https://bts.adelielinux.org/show_bug.cgi?id=300,https://git.adelielinux.org/adelie/packages/-/issues/300
https://bts.adelielinux.org/show_bug.cgi?id=301,https://git.adelielinux.org/adelie/packages/-/issues/301
https://bts.adelielinux.org/show_bug.cgi?id=303,https://git.adelielinux.org/adelie/packages/-/issues/303
https://bts.adelielinux.org/show_bug.cgi?id=304,https://git.adelielinux.org/adelie/packages/-/issues/304
https://bts.adelielinux.org/show_bug.cgi?id=305,https://git.adelielinux.org/adelie/packages/-/issues/305
https://bts.adelielinux.org/show_bug.cgi?id=306,https://git.adelielinux.org/adelie/packages/-/issues/306
https://bts.adelielinux.org/show_bug.cgi?id=307,https://git.adelielinux.org/adelie/packages/-/issues/307
https://bts.adelielinux.org/show_bug.cgi?id=308,https://git.adelielinux.org/adelie/packages/-/issues/308
https://bts.adelielinux.org/show_bug.cgi?id=309,https://git.adelielinux.org/adelie/packages/-/issues/309
https://bts.adelielinux.org/show_bug.cgi?id=310,https://git.adelielinux.org/adelie/packages/-/issues/310
https://bts.adelielinux.org/show_bug.cgi?id=311,https://git.adelielinux.org/adelie/packages/-/issues/311
https://bts.adelielinux.org/show_bug.cgi?id=312,https://git.adelielinux.org/adelie/packages/-/issues/312
https://bts.adelielinux.org/show_bug.cgi?id=313,https://git.adelielinux.org/adelie/packages/-/issues/313
https://bts.adelielinux.org/show_bug.cgi?id=314,https://git.adelielinux.org/adelie/packages/-/issues/314
https://bts.adelielinux.org/show_bug.cgi?id=315,https://git.adelielinux.org/adelie/packages/-/issues/315
https://bts.adelielinux.org/show_bug.cgi?id=316,https://git.adelielinux.org/adelie/packages/-/issues/316
https://bts.adelielinux.org/show_bug.cgi?id=317,https://git.adelielinux.org/adelie/packages/-/issues/317
https://bts.adelielinux.org/show_bug.cgi?id=319,https://git.adelielinux.org/adelie/packages/-/issues/319
https://bts.adelielinux.org/show_bug.cgi?id=320,https://git.adelielinux.org/adelie/packages/-/issues/320
https://bts.adelielinux.org/show_bug.cgi?id=321,https://git.adelielinux.org/adelie/packages/-/issues/321
https://bts.adelielinux.org/show_bug.cgi?id=322,https://git.adelielinux.org/adelie/packages/-/issues/322
https://bts.adelielinux.org/show_bug.cgi?id=323,https://git.adelielinux.org/adelie/packages/-/issues/323
https://bts.adelielinux.org/show_bug.cgi?id=324,https://git.adelielinux.org/adelie/packages/-/issues/324
https://bts.adelielinux.org/show_bug.cgi?id=325,https://git.adelielinux.org/adelie/packages/-/issues/325
https://bts.adelielinux.org/show_bug.cgi?id=326,https://git.adelielinux.org/adelie/packages/-/issues/326
https://bts.adelielinux.org/show_bug.cgi?id=327,https://git.adelielinux.org/adelie/packages/-/issues/327
https://bts.adelielinux.org/show_bug.cgi?id=328,https://git.adelielinux.org/adelie/packages/-/issues/328
https://bts.adelielinux.org/show_bug.cgi?id=329,https://git.adelielinux.org/adelie/packages/-/issues/329
https://bts.adelielinux.org/show_bug.cgi?id=330,https://git.adelielinux.org/adelie/packages/-/issues/330
https://bts.adelielinux.org/show_bug.cgi?id=331,https://git.adelielinux.org/adelie/packages/-/issues/331
https://bts.adelielinux.org/show_bug.cgi?id=332,https://git.adelielinux.org/adelie/packages/-/issues/332
https://bts.adelielinux.org/show_bug.cgi?id=333,https://git.adelielinux.org/adelie/packages/-/issues/333
https://bts.adelielinux.org/show_bug.cgi?id=335,https://git.adelielinux.org/adelie/packages/-/issues/335
https://bts.adelielinux.org/show_bug.cgi?id=336,https://git.adelielinux.org/adelie/packages/-/issues/336
https://bts.adelielinux.org/show_bug.cgi?id=337,https://git.adelielinux.org/adelie/packages/-/issues/337
https://bts.adelielinux.org/show_bug.cgi?id=338,https://git.adelielinux.org/adelie/packages/-/issues/338
https://bts.adelielinux.org/show_bug.cgi?id=339,https://git.adelielinux.org/adelie/packages/-/issues/339
https://bts.adelielinux.org/show_bug.cgi?id=340,https://git.adelielinux.org/adelie/packages/-/issues/340
https://bts.adelielinux.org/show_bug.cgi?id=342,https://git.adelielinux.org/adelie/packages/-/issues/342
https://bts.adelielinux.org/show_bug.cgi?id=343,https://git.adelielinux.org/adelie/packages/-/issues/343
https://bts.adelielinux.org/show_bug.cgi?id=344,https://git.adelielinux.org/adelie/packages/-/issues/344
https://bts.adelielinux.org/show_bug.cgi?id=345,https://git.adelielinux.org/adelie/packages/-/issues/345
https://bts.adelielinux.org/show_bug.cgi?id=346,https://git.adelielinux.org/adelie/packages/-/issues/346
https://bts.adelielinux.org/show_bug.cgi?id=347,https://git.adelielinux.org/adelie/packages/-/issues/347
https://bts.adelielinux.org/show_bug.cgi?id=348,https://git.adelielinux.org/adelie/packages/-/issues/348
https://bts.adelielinux.org/show_bug.cgi?id=349,https://git.adelielinux.org/adelie/packages/-/issues/349
https://bts.adelielinux.org/show_bug.cgi?id=350,https://git.adelielinux.org/adelie/packages/-/issues/350
https://bts.adelielinux.org/show_bug.cgi?id=351,https://git.adelielinux.org/adelie/packages/-/issues/351
https://bts.adelielinux.org/show_bug.cgi?id=352,https://git.adelielinux.org/adelie/packages/-/issues/352
https://bts.adelielinux.org/show_bug.cgi?id=353,https://git.adelielinux.org/adelie/packages/-/issues/353
https://bts.adelielinux.org/show_bug.cgi?id=354,https://git.adelielinux.org/adelie/packages/-/issues/354
https://bts.adelielinux.org/show_bug.cgi?id=355,https://git.adelielinux.org/adelie/packages/-/issues/355
https://bts.adelielinux.org/show_bug.cgi?id=356,https://git.adelielinux.org/adelie/packages/-/issues/356
https://bts.adelielinux.org/show_bug.cgi?id=357,https://git.adelielinux.org/adelie/packages/-/issues/357
https://bts.adelielinux.org/show_bug.cgi?id=358,https://git.adelielinux.org/adelie/packages/-/issues/358
https://bts.adelielinux.org/show_bug.cgi?id=359,https://git.adelielinux.org/adelie/packages/-/issues/359
https://bts.adelielinux.org/show_bug.cgi?id=360,https://git.adelielinux.org/adelie/packages/-/issues/360
https://bts.adelielinux.org/show_bug.cgi?id=361,https://git.adelielinux.org/adelie/packages/-/issues/361
https://bts.adelielinux.org/show_bug.cgi?id=362,https://git.adelielinux.org/adelie/packages/-/issues/362
https://bts.adelielinux.org/show_bug.cgi?id=363,https://git.adelielinux.org/adelie/packages/-/issues/363
https://bts.adelielinux.org/show_bug.cgi?id=364,https://git.adelielinux.org/adelie/packages/-/issues/364
https://bts.adelielinux.org/show_bug.cgi?id=365,https://git.adelielinux.org/adelie/packages/-/issues/365
https://bts.adelielinux.org/show_bug.cgi?id=366,https://git.adelielinux.org/adelie/packages/-/issues/366
https://bts.adelielinux.org/show_bug.cgi?id=367,https://git.adelielinux.org/adelie/packages/-/issues/367
https://bts.adelielinux.org/show_bug.cgi?id=368,https://git.adelielinux.org/adelie/packages/-/issues/368
https://bts.adelielinux.org/show_bug.cgi?id=369,https://git.adelielinux.org/adelie/packages/-/issues/369
https://bts.adelielinux.org/show_bug.cgi?id=370,https://git.adelielinux.org/adelie/packages/-/issues/370
https://bts.adelielinux.org/show_bug.cgi?id=371,https://git.adelielinux.org/adelie/packages/-/issues/371
https://bts.adelielinux.org/show_bug.cgi?id=372,https://git.adelielinux.org/adelie/packages/-/issues/372
https://bts.adelielinux.org/show_bug.cgi?id=373,https://git.adelielinux.org/adelie/packages/-/issues/373
https://bts.adelielinux.org/show_bug.cgi?id=374,https://git.adelielinux.org/adelie/packages/-/issues/374
https://bts.adelielinux.org/show_bug.cgi?id=375,https://git.adelielinux.org/adelie/packages/-/issues/375
https://bts.adelielinux.org/show_bug.cgi?id=376,https://git.adelielinux.org/adelie/packages/-/issues/376
https://bts.adelielinux.org/show_bug.cgi?id=377,https://git.adelielinux.org/adelie/packages/-/issues/377
https://bts.adelielinux.org/show_bug.cgi?id=378,https://git.adelielinux.org/adelie/packages/-/issues/378
https://bts.adelielinux.org/show_bug.cgi?id=379,https://git.adelielinux.org/adelie/packages/-/issues/379
https://bts.adelielinux.org/show_bug.cgi?id=380,https://git.adelielinux.org/adelie/packages/-/issues/380
https://bts.adelielinux.org/show_bug.cgi?id=381,https://git.adelielinux.org/adelie/packages/-/issues/381
https://bts.adelielinux.org/show_bug.cgi?id=382,https://git.adelielinux.org/adelie/packages/-/issues/382
https://bts.adelielinux.org/show_bug.cgi?id=383,https://git.adelielinux.org/adelie/packages/-/issues/383
https://bts.adelielinux.org/show_bug.cgi?id=385,https://git.adelielinux.org/adelie/packages/-/issues/385
https://bts.adelielinux.org/show_bug.cgi?id=386,https://git.adelielinux.org/adelie/packages/-/issues/386
https://bts.adelielinux.org/show_bug.cgi?id=387,https://git.adelielinux.org/adelie/packages/-/issues/387
https://bts.adelielinux.org/show_bug.cgi?id=388,https://git.adelielinux.org/adelie/packages/-/issues/388
https://bts.adelielinux.org/show_bug.cgi?id=389,https://git.adelielinux.org/adelie/packages/-/issues/389
https://bts.adelielinux.org/show_bug.cgi?id=390,https://git.adelielinux.org/adelie/packages/-/issues/390
https://bts.adelielinux.org/show_bug.cgi?id=391,https://git.adelielinux.org/adelie/packages/-/issues/391
https://bts.adelielinux.org/show_bug.cgi?id=392,https://git.adelielinux.org/adelie/packages/-/issues/392
https://bts.adelielinux.org/show_bug.cgi?id=393,https://git.adelielinux.org/adelie/packages/-/issues/393
https://bts.adelielinux.org/show_bug.cgi?id=394,https://git.adelielinux.org/adelie/packages/-/issues/394
https://bts.adelielinux.org/show_bug.cgi?id=395,https://git.adelielinux.org/adelie/packages/-/issues/395
https://bts.adelielinux.org/show_bug.cgi?id=397,https://git.adelielinux.org/adelie/packages/-/issues/397
https://bts.adelielinux.org/show_bug.cgi?id=5,https://git.adelielinux.org/adelie/packages/-/issues/5
https://bts.adelielinux.org/show_bug.cgi?id=21,https://git.adelielinux.org/adelie/packages/-/issues/21
https://bts.adelielinux.org/show_bug.cgi?id=248,https://git.adelielinux.org/adelie/packages/-/issues/248
https://bts.adelielinux.org/show_bug.cgi?id=102,https://git.adelielinux.org/adelie/packages/-/issues/102
https://bts.adelielinux.org/show_bug.cgi?id=206,https://git.adelielinux.org/adelie/packages/-/issues/206
https://bts.adelielinux.org/show_bug.cgi?id=11,https://git.adelielinux.org/adelie/packages/-/issues/11
https://bts.adelielinux.org/show_bug.cgi?id=35,https://git.adelielinux.org/adelie/packages/-/issues/35
https://bts.adelielinux.org/show_bug.cgi?id=4,https://git.adelielinux.org/adelie/packages/-/issues/4
https://bts.adelielinux.org/show_bug.cgi?id=12,https://git.adelielinux.org/adelie/packages/-/issues/12
https://bts.adelielinux.org/show_bug.cgi?id=24,https://git.adelielinux.org/adelie/packages/-/issues/24
https://bts.adelielinux.org/show_bug.cgi?id=25,https://git.adelielinux.org/adelie/packages/-/issues/25
https://bts.adelielinux.org/show_bug.cgi?id=32,https://git.adelielinux.org/adelie/packages/-/issues/32
https://bts.adelielinux.org/show_bug.cgi?id=37,https://git.adelielinux.org/adelie/packages/-/issues/37
https://bts.adelielinux.org/show_bug.cgi?id=46,https://git.adelielinux.org/adelie/packages/-/issues/46
https://bts.adelielinux.org/show_bug.cgi?id=51,https://git.adelielinux.org/adelie/packages/-/issues/51
https://bts.adelielinux.org/show_bug.cgi?id=54,https://git.adelielinux.org/adelie/packages/-/issues/54
https://bts.adelielinux.org/show_bug.cgi?id=55,https://git.adelielinux.org/adelie/packages/-/issues/55
https://bts.adelielinux.org/show_bug.cgi?id=56,https://git.adelielinux.org/adelie/packages/-/issues/56
https://bts.adelielinux.org/show_bug.cgi?id=70,https://git.adelielinux.org/adelie/packages/-/issues/70
https://bts.adelielinux.org/show_bug.cgi?id=79,https://git.adelielinux.org/adelie/packages/-/issues/79
https://bts.adelielinux.org/show_bug.cgi?id=17,https://git.adelielinux.org/adelie/packages/-/issues/17
https://bts.adelielinux.org/show_bug.cgi?id=82,https://git.adelielinux.org/adelie/packages/-/issues/82
https://bts.adelielinux.org/show_bug.cgi?id=83,https://git.adelielinux.org/adelie/packages/-/issues/83
https://bts.adelielinux.org/show_bug.cgi?id=84,https://git.adelielinux.org/adelie/packages/-/issues/84
https://bts.adelielinux.org/show_bug.cgi?id=101,https://git.adelielinux.org/adelie/packages/-/issues/101
https://bts.adelielinux.org/show_bug.cgi?id=207,https://git.adelielinux.org/adelie/packages/-/issues/207
https://bts.adelielinux.org/show_bug.cgi?id=179,https://git.adelielinux.org/adelie/packages/-/issues/179
https://bts.adelielinux.org/show_bug.cgi?id=61,https://git.adelielinux.org/adelie/packages/-/issues/61
https://bts.adelielinux.org/show_bug.cgi?id=3,https://git.adelielinux.org/adelie/packages/-/issues/3
https://bts.adelielinux.org/show_bug.cgi?id=7,https://git.adelielinux.org/adelie/packages/-/issues/7
https://bts.adelielinux.org/show_bug.cgi?id=20,https://git.adelielinux.org/adelie/packages/-/issues/20
https://bts.adelielinux.org/show_bug.cgi?id=1,https://git.adelielinux.org/adelie/packages/-/issues/1
https://bts.adelielinux.org/show_bug.cgi?id=2,https://git.adelielinux.org/adelie/packages/-/issues/2
https://bts.adelielinux.org/show_bug.cgi?id=6,https://git.adelielinux.org/adelie/packages/-/issues/6
https://bts.adelielinux.org/show_bug.cgi?id=8,https://git.adelielinux.org/adelie/packages/-/issues/8
https://bts.adelielinux.org/show_bug.cgi?id=48,https://git.adelielinux.org/adelie/packages/-/issues/48
https://bts.adelielinux.org/show_bug.cgi?id=103,https://git.adelielinux.org/adelie/packages/-/issues/103
https://bts.adelielinux.org/show_bug.cgi?id=243,https://git.adelielinux.org/adelie/packages/-/issues/243
https://bts.adelielinux.org/show_bug.cgi?id=244,https://git.adelielinux.org/adelie/packages/-/issues/244
https://bts.adelielinux.org/show_bug.cgi?id=260,https://git.adelielinux.org/adelie/packages/-/issues/260
https://bts.adelielinux.org/show_bug.cgi?id=396,https://git.adelielinux.org/adelie/packages/-/issues/396
https://bts.adelielinux.org/show_bug.cgi?id=283,https://git.adelielinux.org/adelie/packages/-/issues/283
https://bts.adelielinux.org/show_bug.cgi?id=29,https://git.adelielinux.org/adelie/packages/-/issues/29
https://bts.adelielinux.org/show_bug.cgi?id=81,https://git.adelielinux.org/adelie/packages/-/issues/81
https://bts.adelielinux.org/show_bug.cgi?id=47,https://git.adelielinux.org/adelie/packages/-/issues/47
https://bts.adelielinux.org/show_bug.cgi?id=9,https://git.adelielinux.org/adelie/packages/-/issues/9
https://bts.adelielinux.org/show_bug.cgi?id=10,https://git.adelielinux.org/adelie/packages/-/issues/10
https://bts.adelielinux.org/show_bug.cgi?id=18,https://git.adelielinux.org/adelie/packages/-/issues/18
https://bts.adelielinux.org/show_bug.cgi?id=40,https://git.adelielinux.org/adelie/packages/-/issues/40
https://bts.adelielinux.org/show_bug.cgi?id=45,https://git.adelielinux.org/adelie/packages/-/issues/45
https://bts.adelielinux.org/show_bug.cgi?id=49,https://git.adelielinux.org/adelie/packages/-/issues/49
https://bts.adelielinux.org/show_bug.cgi?id=75,https://git.adelielinux.org/adelie/packages/-/issues/75
https://bts.adelielinux.org/show_bug.cgi?id=100,https://git.adelielinux.org/adelie/packages/-/issues/100
https://bts.adelielinux.org/show_bug.cgi?id=250,https://git.adelielinux.org/adelie/packages/-/issues/250
https://bts.adelielinux.org/show_bug.cgi?id=224,https://git.adelielinux.org/adelie/packages/-/issues/224
https://bts.adelielinux.org/show_bug.cgi?id=225,https://git.adelielinux.org/adelie/packages/-/issues/225
https://bts.adelielinux.org/show_bug.cgi?id=226,https://git.adelielinux.org/adelie/packages/-/issues/226
https://bts.adelielinux.org/show_bug.cgi?id=227,https://git.adelielinux.org/adelie/packages/-/issues/227
https://bts.adelielinux.org/show_bug.cgi?id=228,https://git.adelielinux.org/adelie/packages/-/issues/228
https://bts.adelielinux.org/show_bug.cgi?id=266,https://git.adelielinux.org/adelie/packages/-/issues/266
https://bts.adelielinux.org/show_bug.cgi?id=302,https://git.adelielinux.org/adelie/gcompat/-/issues/302
https://bts.adelielinux.org/show_bug.cgi?id=38,https://git.adelielinux.org/adelie/gcompat/-/issues/38
https://bts.adelielinux.org/show_bug.cgi?id=44,https://git.adelielinux.org/adelie/gcompat/-/issues/44
https://bts.adelielinux.org/show_bug.cgi?id=43,https://git.adelielinux.org/adelie/gcompat/-/issues/43
https://bts.adelielinux.org/show_bug.cgi?id=334,https://git.adelielinux.org/adelie/gcompat/-/issues/334
https://bts.adelielinux.org/show_bug.cgi?id=341,https://git.adelielinux.org/adelie/gcompat/-/issues/341
https://bts.adelielinux.org/show_bug.cgi?id=85,https://git.adelielinux.org/adelie/docs/-/issues/85
https://bts.adelielinux.org/show_bug.cgi?id=86,https://git.adelielinux.org/adelie/docs/-/issues/86
https://bts.adelielinux.org/show_bug.cgi?id=94,https://git.adelielinux.org/adelie/docs/-/issues/94
https://bts.adelielinux.org/show_bug.cgi?id=73,https://git.adelielinux.org/adelie/docs/-/issues/73
https://bts.adelielinux.org/show_bug.cgi?id=74,https://git.adelielinux.org/adelie/docs/-/issues/74
https://bts.adelielinux.org/show_bug.cgi?id=14,https://git.adelielinux.org/adelie/horizon/-/issues/14
https://bts.adelielinux.org/show_bug.cgi?id=222,https://git.adelielinux.org/adelie/horizon/-/issues/222
https://bts.adelielinux.org/show_bug.cgi?id=318,https://git.adelielinux.org/adelie/horizon/-/issues/318
https://bts.adelielinux.org/show_bug.cgi?id=188,https://git.adelielinux.org/adelie/image/-/issues/188
https://bts.adelielinux.org/show_bug.cgi?id=247,https://git.adelielinux.org/adelie/image/-/issues/247
https://bts.adelielinux.org/show_bug.cgi?id=256,https://git.adelielinux.org/adelie/image/-/issues/256
https://bts.adelielinux.org/show_bug.cgi?id=384,https://git.adelielinux.org/adelie/image/-/issues/384
https://bts.adelielinux.org/show_bug.cgi?id=96,https://git.adelielinux.org/adelie/image/-/issues/96
https://bts.adelielinux.org/show_bug.cgi?id=13,https://git.adelielinux.org/adelie/image/-/issues/13
https://bts.adelielinux.org/show_bug.cgi?id=16,https://git.adelielinux.org/adelie/image/-/issues/16
https://bts.adelielinux.org/show_bug.cgi?id=60,https://git.adelielinux.org/adelie/image/-/issues/60
https://bts.adelielinux.org/show_bug.cgi?id=42,https://git.adelielinux.org/adelie/image/-/issues/42
https://bts.adelielinux.org/show_bug.cgi?id=66,https://git.adelielinux.org/adelie/shimmy/-/issues/66
https://bts.adelielinux.org/show_bug.cgi?id=104,https://git.adelielinux.org/adelie-infra/infra-docs/-/issues/104
https://bts.adelielinux.org/show_bug.cgi?id=132,https://git.adelielinux.org/adelie-infra/infra-docs/-/issues/132
https://bts.adelielinux.org/show_bug.cgi?id=210,https://git.adelielinux.org/adelie-infra/infra-docs/-/issues/210
https://bts.adelielinux.org/show_bug.cgi?id=221,https://git.adelielinux.org/adelie-infra/infra-docs/-/issues/221
https://bts.adelielinux.org/show_bug.cgi?id=120,https://git.adelielinux.org/adelie-infra/infra-docs/-/issues/120
